review_text,label,predicted_label,actual_class,predicted_class,error_type
"Well-located, and room with a wonderful view! Breakfast was delicious",1,0,AI,Human,AI -> Human
"Great little hotel in convenient location close to Termini with trains, busses and underground all close by. Staff were super friendly and attentive. Lovely little roof terrace with bar (manned in late afternoon and evening) for chilling out. Air conditioning worked fine and rooms were cleaned to an excellent standard. Staff provided some excellent recommendations for good places to eat with many only a short walk away. There are stairs to access the hotel and the lift to the upper floors is also up a short flight of stairs and is a little bit small and thus might be hard for those with mobility issues to access.",0,1,Human,AI,Human -> AI
"The bed in the room was very comfortable and the whole hotel was very clean. The location was excellent, having access to a museum, a park and a range of shops and bakeries.",0,1,Human,AI,Human -> AI
"Excellent breakfast
Excellent swimming pool Restaurant menu could have more options",0,1,Human,AI,Human -> AI
"Rooftop pool with plenty of seating and views. Incredible sunsets. Close to several attractions, train station, and some great shopping. Helpful, friendly staff. Porters were excellent. Limited water pressure in the shower and it took a few minutes for the warm water to come on.",0,1,Human,AI,Human -> AI
nice view from the room Room is uncleaned and staff are uncooperative. Air conditioning system is too loud and couldn't sleep properly.,1,0,AI,Human,AI -> Human
Staff were very polite and helpful. Hotel otherwise impersonal. Lack of atmosphere and main lobby was uninviting. There was a better and cheaper breakfast down the road.,0,1,Human,AI,Human -> AI
"I can't say anything negative about the Hotel Cinnah in Ankara. Everybody is very friendly and tries to help you wherever they can. Breakfast is amazing! There's a wide variety of food which tastes as good as it looks. The rooms are extremely clean and the housekeeping does everything to keep it that way during your stay. Lovely city views from the higher floors, would definitely recommend!",1,0,AI,Human,AI -> Human
"Room was spacious. Had sofas and a table. Cleanliness was missing.
Wifi was not working at all.
There was an eerie smell in the room when we entered.",0,1,Human,AI,Human -> AI
"Quite location, plenty of space. Nice staff. Cleanliness was a big issue, old and shabby furniture. Bathroom was not cleaned properly, and there was a strange smell.",1,0,AI,Human,AI -> Human
"Exceptional hotel. Perfect location. Professional, courteous and friendly staff. Clean room with fully stocked amenities. The view from the room was beautiful and breath-taking! The breakfast buffet was delicious and had a big variety of different foods. This hotel will be my first choice of stay whenever I visit Seoul again. Nothing to mention, everything was perfect.",1,0,AI,Human,AI -> Human
"Lovely hotel, very friendly staff. Short distance to all the sights. Would definitely recommend. Had to pay for WiFi but internet is quite fast.",1,0,AI,Human,AI -> Human
"+Location is prime
+Budget friendly -The rooms were not clean enough. Dust everywhere and the bathroom was way too dirty
-The staff could not communicate well in English which led to several misunderstandings
-The noise levels from outside was so high that it became very hard to sleep
-The hostel had a very limited selection for breakfast and the quality was below average",1,0,AI,Human,AI -> Human
Hotel is in a good location and is in walking distance to the train station. The staff were extremely helpful and friendly. Comfy bed. Air conditioning in the room was not very effective. Room and bathroom very small. Very limited selection at breakfast time. _The hotel could do with a refurbishment- it is showing signs of wear and tear.,1,0,AI,Human,AI -> Human
"This hotel is situated in an excellent location, a short walk from Old Town. Rooms were clean and comfortable, with all the facilities you'd need. There's also a communal area with tables and sofas. The whole hotel has a modern feel. Staff was friendly, and they let us store our suitcase there for a few hours free of charge. The hotel is, as the name implies, located upstairs. This wasn't a problem for us, but it may be one for people with disabilities or lower levels of fitness. The breakfast could have done with a bit more choice.",0,1,Human,AI,Human -> AI
The location of the hotel is good. There are many restaurants around the area and Migros was a few minutes away from the hotel. The room was spacious and clean. I stayed on the 17th floor and had really good views of the city. The staff were not fluent in English but they were welcoming and helpful. The wifi was not strong.,0,1,Human,AI,Human -> AI
"Nicely furnished room and nicely decorated lobby. Room service is affordable and the receptionists, especially Mr. Omar, are usually eager to help with any queries.",0,1,Human,AI,Human -> AI
"The hotel location was close to the Georgetown. The room fell far below our expectations considering its price and the reviews we had read. Throughout our trip, we had to stay at two different places, and upon arriving at the golver park hotel, we were genuinely shocked. The facilities were outdated, and it was disappointing to find that it did not meet the standards of a 4-star hotel or justify the high ratings it had received. The size of the toilet was notably small, and the bathroom lacked a proper door for closure.",0,1,Human,AI,Human -> AI
"Staff is friendly and helpful. Room was clean, breakfast was delicious as well Couldn't find any negatives",1,0,AI,Human,AI -> Human
"I felt so welcomed by the staff, they were very friendly. The room was clean, warm and quiet. Great location. Nothing of note to report during my stay.",1,0,AI,Human,AI -> Human
"Good location, close to shopping area The room was quite small, not much space for luggage. The bed was too firm, ended up waking up with a backache. The staff didn't seem very enthusiastic in assisting us",1,0,AI,Human,AI -> Human
"The bed was comfortable and the location is good, near the railway station. The noise from the railway station was unbearable, impossible to sleep. When we asked to change the room, the staff was not understanding and very unhelpful. Also, the cleanliness of the room was very poor.",1,0,AI,Human,AI -> Human
"The decor in the hotel and rooms was nice and modern. Staff at the restaurant were hardworking and polite. I did not have a good experience. The room was small, and the cleanliness standard left a lot to be desired. And the biggest downside was the bathroom. There was hair on the floor and the towels didnt seem to be fresh. Moreover, the hotel was very noisy. You could literally hear your neighbor's conversation which doesn't give you any privacy and disturbs your sleep. I wouldn't recommend this hotel to travellers looking for a quiet and clean place to stay.",1,0,AI,Human,AI -> Human
"The hotel location was tolerable The room was not cleaned properly. There were hairs in the bathroom and fridge was half stocked. Staff were not too helpful or friendly. Also, our room was not ready when we arrived.",1,0,AI,Human,AI -> Human
"Location was convenient Definitely NOT a 4* hotel.
The bed was not comfortable.
the room was too small for an alleged 4* and amenities/appliances were underwhelming",0,1,Human,AI,Human -> AI
"Nice location, friendly staff, very clean and comfortable! Excellent value for money. Limited food menu for in-room dining.",1,0,AI,Human,AI -> Human
